Workbook
Name Nombres: 'Índice'!$A$2:$A$200

Sheet Índice
A1: NOMBRE COMPLETO | B1: SEXO | C1: FECHA DE NACIMIENTO | D1: DNI | E1: NAF | F1: CATEGORIA (FUNCIÓN) | G1: % RETENCIÓN | H1: IBAN | I1: NÚMERO DE TELÉFONO | J1: DIRECCIÓN DE CORREO ELECTRÓNICO | K1: DIRECCIÓN POSTAL

Sheet EQUIPO TÉCNICO
A1: CREW //LISTA DE TRABAJADORES PARA ALTA
A2: NOMBRE DE LA EMPRESA | E2: JAKIENS VIDEO DESIGN SL B98733488 CL\SEVILLA 25
A3: PROYECTO | E3: XXX
A4: LUGAR DE REALIZACIÓN | E4: VALENCIA
A6: N.º | B6: NOMBRE COMPLETO | C6: SEXO | D6: FECHA DE NACIMIENTO | E6: DNI | F6: NAF | G6: FECHA DE ALTA | H6: FECHA DE BAJA | I6: CATEGORIA (FUNCIÓN) | J6: IMPORTE BRUTO PACTADO (pdte cierre nómina) | K6: % RETENCIÓN | L6: IBAN | M6: NÚMERO DE TELÉFONO | N6: DIRECCIÓN DE CORREO ELECTRÓNICO | O6: DIRECCIÓN POSTAL
C7: =VLOOKUP(B7,Índice!$A$2:$K$804,2,0) -> #N/A | D7: =VLOOKUP(B7,Índice!$A$2:$K$804,3,0) -> NaN | E7: =VLOOKUP(B7,Índice!$A$2:$K$804,4,0) -> #N/A | F7: =VLOOKUP(B7,Índice!$A$2:$K$804,5,0) -> #N/A | I7: =VLOOKUP(B7,Índice!$A$2:$K$804,6,0) -> #N/A | K7: =VLOOKUP(B7,Índice!$A$2:$K$804,7,0) -> #N/A | L7: =VLOOKUP(B7,Índice!$A$2:$K$804,8,0) -> #N/A | M7: =VLOOKUP(B7,Índice!$A$2:$K$804,9,0) -> #N/A | N7: =VLOOKUP(B7,Índice!$A$2:$K$804,10,0) -> #N/A | O7: =VLOOKUP(B7,Índice!$A$2:$K$804,11,0) -> #N/A
C8: =VLOOKUP(B8,Índice!$A$2:$K$804,2,0) -> #N/A | D8: =VLOOKUP(B8,Índice!$A$2:$K$804,3,0) -> NaN | E8: =VLOOKUP(B8,Índice!$A$2:$K$804,4,0) -> #N/A | F8: =VLOOKUP(B8,Índice!$A$2:$K$804,5,0) -> #N/A | I8: =VLOOKUP(B8,Índice!$A$2:$K$804,6,0) -> #N/A | K8: =VLOOKUP(B8,Índice!$A$2:$K$804,7,0) -> #N/A | L8: =VLOOKUP(B8,Índice!$A$2:$K$804,8,0) -> #N/A | M8: =VLOOKUP(B8,Índice!$A$2:$K$804,9,0) -> #N/A | N8: =VLOOKUP(B8,Índice!$A$2:$K$804,10,0) -> #N/A | O8: =VLOOKUP(B8,Índice!$A$2:$K$804,11,0) -> #N/A
C9: =VLOOKUP(B9,Índice!$A$2:$K$804,2,0) -> #N/A | D9: =VLOOKUP(B9,Índice!$A$2:$K$804,3,0) -> NaN | E9: =VLOOKUP(B9,Índice!$A$2:$K$804,4,0) -> #N/A | F9: =VLOOKUP(B9,Índice!$A$2:$K$804,5,0) -> #N/A | I9: =VLOOKUP(B9,Índice!$A$2:$K$804,6,0) -> #N/A | K9: =VLOOKUP(B9,Índice!$A$2:$K$804,7,0) -> #N/A | L9: =VLOOKUP(B9,Índice!$A$2:$K$804,8,0) -> #N/A | M9: =VLOOKUP(B9,Índice!$A$2:$K$804,9,0) -> #N/A | N9: =VLOOKUP(B9,Índice!$A$2:$K$804,10,0) -> #N/A | O9: =VLOOKUP(B9,Índice!$A$2:$K$804,11,0) -> #N/A
C10: =VLOOKUP(B10,Índice!$A$2:$K$804,2,0) -> #N/A | D10: =VLOOKUP(B10,Índice!$A$2:$K$804,3,0) -> NaN | E10: =VLOOKUP(B10,Índice!$A$2:$K$804,4,0) -> #N/A | F10: =VLOOKUP(B10,Índice!$A$2:$K$804,5,0) -> #N/A | I10: =VLOOKUP(B10,Índice!$A$2:$K$804,6,0) -> #N/A | K10: =VLOOKUP(B10,Índice!$A$2:$K$804,7,0) -> #N/A | L10: =VLOOKUP(B10,Índice!$A$2:$K$804,8,0) -> #N/A | M10: =VLOOKUP(B10,Índice!$A$2:$K$804,9,0) -> #N/A | N10: =VLOOKUP(B10,Índice!$A$2:$K$804,10,0) -> #N/A | O10: =VLOOKUP(B10,Índice!$A$2:$K$804,11,0) -> #N/A
C11: =VLOOKUP(B11,Índice!$A$2:$K$804,2,0) -> #N/A | D11: =VLOOKUP(B11,Índice!$A$2:$K$804,3,0) -> NaN | E11: =VLOOKUP(B11,Índice!$A$2:$K$804,4,0) -> #N/A | F11: =VLOOKUP(B11,Índice!$A$2:$K$804,5,0) -> #N/A | I11: =VLOOKUP(B11,Índice!$A$2:$K$804,6,0) -> #N/A | K11: =VLOOKUP(B11,Índice!$A$2:$K$804,7,0) -> #N/A | L11: =VLOOKUP(B11,Índice!$A$2:$K$804,8,0) -> #N/A | M11: =VLOOKUP(B11,Índice!$A$2:$K$804,9,0) -> #N/A | N11: =VLOOKUP(B11,Índice!$A$2:$K$804,10,0) -> #N/A | O11: =VLOOKUP(B11,Índice!$A$2:$K$804,11,0) -> #N/A
C12: =VLOOKUP(B12,Índice!$A$2:$K$804,2,0) -> #N/A | D12: =VLOOKUP(B12,Índice!$A$2:$K$804,3,0) -> NaN | E12: =VLOOKUP(B12,Índice!$A$2:$K$804,4,0) -> #N/A | F12: =VLOOKUP(B12,Índice!$A$2:$K$804,5,0) -> #N/A | I12: =VLOOKUP(B12,Índice!$A$2:$K$804,6,0) -> #N/A | K12: =VLOOKUP(B12,Índice!$A$2:$K$804,7,0) -> #N/A | L12: =VLOOKUP(B12,Índice!$A$2:$K$804,8,0) -> #N/A | M12: =VLOOKUP(B12,Índice!$A$2:$K$804,9,0) -> #N/A | N12: =VLOOKUP(B12,Índice!$A$2:$K$804,10,0) -> #N/A | O12: =VLOOKUP(B12,Índice!$A$2:$K$804,11,0) -> #N/A
C13: =VLOOKUP(B13,Índice!$A$2:$K$804,2,0) -> #N/A | D13: =VLOOKUP(B13,Índice!$A$2:$K$804,3,0) -> NaN | E13: =VLOOKUP(B13,Índice!$A$2:$K$804,4,0) -> #N/A | F13: =VLOOKUP(B13,Índice!$A$2:$K$804,5,0) -> #N/A | I13: =VLOOKUP(B13,Índice!$A$2:$K$804,6,0) -> #N/A | K13: =VLOOKUP(B13,Índice!$A$2:$K$804,7,0) -> #N/A | L13: =VLOOKUP(B13,Índice!$A$2:$K$804,8,0) -> #N/A | M13: =VLOOKUP(B13,Índice!$A$2:$K$804,9,0) -> #N/A | N13: =VLOOKUP(B13,Índice!$A$2:$K$804,10,0) -> #N/A | O13: =VLOOKUP(B13,Índice!$A$2:$K$804,11,0) -> #N/A
C14: =VLOOKUP(B14,Índice!$A$2:$K$804,2,0) -> #N/A | D14: =VLOOKUP(B14,Índice!$A$2:$K$804,3,0) -> NaN | E14: =VLOOKUP(B14,Índice!$A$2:$K$804,4,0) -> #N/A | F14: =VLOOKUP(B14,Índice!$A$2:$K$804,5,0) -> #N/A | I14: =VLOOKUP(B14,Índice!$A$2:$K$804,6,0) -> #N/A | K14: =VLOOKUP(B14,Índice!$A$2:$K$804,7,0) -> #N/A | L14: =VLOOKUP(B14,Índice!$A$2:$K$804,8,0) -> #N/A | M14: =VLOOKUP(B14,Índice!$A$2:$K$804,9,0) -> #N/A | N14: =VLOOKUP(B14,Índice!$A$2:$K$804,10,0) -> #N/A | O14: =VLOOKUP(B14,Índice!$A$2:$K$804,11,0) -> #N/A
C15: =VLOOKUP(B15,Índice!$A$2:$K$804,2,0) -> #N/A | D15: =VLOOKUP(B15,Índice!$A$2:$K$804,3,0) -> NaN | E15: =VLOOKUP(B15,Índice!$A$2:$K$804,4,0) -> #N/A | F15: =VLOOKUP(B15,Índice!$A$2:$K$804,5,0) -> #N/A | I15: =VLOOKUP(B15,Índice!$A$2:$F$804,6,0) -> #N/A | K15: =VLOOKUP(B15,Índice!$A$2:$K$804,7,0) -> #N/A | L15: =VLOOKUP(B15,Índice!$A$2:$K$804,8,0) -> #N/A | M15: =VLOOKUP(B15,Índice!$A$2:$K$804,9,0) -> #N/A | N15: =VLOOKUP(B15,Índice!$A$2:$K$804,10,0) -> #N/A | O15: =VLOOKUP(B15,Índice!$A$2:$K$804,11,0) -> #N/A
C16: =VLOOKUP(B16,Índice!$A$2:$K$804,2,0) -> #N/A | D16: =VLOOKUP(B16,Índice!$A$2:$K$804,3,0) -> NaN | E16: =VLOOKUP(B16,Índice!$A$2:$K$804,4,0) -> #N/A | F16: =VLOOKUP(B16,Índice!$A$2:$K$804,5,0) -> #N/A | I16: =VLOOKUP(B16,Índice!$A$2:$F$804,6,0) -> #N/A | K16: =VLOOKUP(B16,Índice!$A$2:$K$804,7,0) -> #N/A | L16: =VLOOKUP(B16,Índice!$A$2:$K$804,8,0) -> #N/A | M16: =VLOOKUP(B16,Índice!$A$2:$K$804,9,0) -> #N/A | N16: =VLOOKUP(B16,Índice!$A$2:$K$804,10,0) -> #N/A | O16: =VLOOKUP(B16,Índice!$A$2:$K$804,11,0) -> #N/A
C17: =VLOOKUP(B17,Índice!$A$2:$K$804,2,0) -> #N/A | D17: =VLOOKUP(B17,Índice!$A$2:$K$804,3,0) -> NaN | E17: =VLOOKUP(B17,Índice!$A$2:$K$804,4,0) -> #N/A | F17: =VLOOKUP(B17,Índice!$A$2:$K$804,5,0) -> #N/A | I17: =VLOOKUP(B17,Índice!$A$2:$F$804,6,0) -> #N/A | K17: =VLOOKUP(B17,Índice!$A$2:$K$804,7,0) -> #N/A | L17: =VLOOKUP(B17,Índice!$A$2:$K$804,8,0) -> #N/A | M17: =VLOOKUP(B17,Índice!$A$2:$K$804,9,0) -> #N/A | N17: =VLOOKUP(B17,Índice!$A$2:$K$804,10,0) -> #N/A | O17: =VLOOKUP(B17,Índice!$A$2:$K$804,11,0) -> #N/A
C18: =VLOOKUP(B18,Índice!$A$2:$K$804,2,0) -> #N/A | D18: =VLOOKUP(B18,Índice!$A$2:$K$804,3,0) -> NaN | E18: =VLOOKUP(B18,Índice!$A$2:$K$804,4,0) -> #N/A | F18: =VLOOKUP(B18,Índice!$A$2:$K$804,5,0) -> #N/A | I18: =VLOOKUP(B18,Índice!$A$2:$F$804,6,0) -> #N/A | K18: =VLOOKUP(B18,Índice!$A$2:$K$804,7,0) -> #N/A | L18: =VLOOKUP(B18,Índice!$A$2:$K$804,8,0) -> #N/A | M18: =VLOOKUP(B18,Índice!$A$2:$K$804,9,0) -> #N/A | N18: =VLOOKUP(B18,Índice!$A$2:$K$804,10,0) -> #N/A | O18: =VLOOKUP(B18,Índice!$A$2:$K$804,11,0) -> #N/A
C19: =VLOOKUP(B19,Índice!$A$2:$K$804,2,0) -> #N/A | D19: =VLOOKUP(B19,Índice!$A$2:$K$804,3,0) -> NaN | E19: =VLOOKUP(B19,Índice!$A$2:$K$804,4,0) -> #N/A | F19: =VLOOKUP(B19,Índice!$A$2:$K$804,5,0) -> #N/A | I19: =VLOOKUP(B19,Índice!$A$2:$F$804,6,0) -> #N/A | K19: =VLOOKUP(B19,Índice!$A$2:$K$804,7,0) -> #N/A | L19: =VLOOKUP(B19,Índice!$A$2:$K$804,8,0) -> #N/A | M19: =VLOOKUP(B19,Índice!$A$2:$K$804,9,0) -> #N/A | N19: =VLOOKUP(B19,Índice!$A$2:$K$804,10,0) -> #N/A | O19: =VLOOKUP(B19,Índice!$A$2:$K$804,11,0) -> #N/A
C20: =VLOOKUP(B20,Índice!$A$2:$K$804,2,0) -> #N/A | D20: =VLOOKUP(B20,Índice!$A$2:$K$804,3,0) -> NaN | E20: =VLOOKUP(B20,Índice!$A$2:$K$804,4,0) -> #N/A | F20: =VLOOKUP(B20,Índice!$A$2:$K$804,5,0) -> #N/A | I20: =VLOOKUP(B20,Índice!$A$2:$F$804,6,0) -> #N/A | K20: =VLOOKUP(B20,Índice!$A$2:$K$804,7,0) -> #N/A | L20: =VLOOKUP(B20,Índice!$A$2:$K$804,8,0) -> #N/A | M20: =VLOOKUP(B20,Índice!$A$2:$K$804,9,0) -> #N/A | N20: =VLOOKUP(B20,Índice!$A$2:$K$804,10,0) -> #N/A | O20: =VLOOKUP(B20,Índice!$A$2:$K$804,11,0) -> #N/A
C21: =VLOOKUP(B21,Índice!$A$2:$K$804,2,0) -> #N/A | D21: =VLOOKUP(B21,Índice!$A$2:$K$804,3,0) -> NaN | E21: =VLOOKUP(B21,Índice!$A$2:$K$804,4,0) -> #N/A | F21: =VLOOKUP(B21,Índice!$A$2:$K$804,5,0) -> #N/A | I21: =VLOOKUP(B21,Índice!$A$2:$F$804,6,0) -> #N/A | K21: =VLOOKUP(B21,Índice!$A$2:$K$804,7,0) -> #N/A | L21: =VLOOKUP(B21,Índice!$A$2:$K$804,8,0) -> #N/A | M21: =VLOOKUP(B21,Índice!$A$2:$K$804,9,0) -> #N/A | N21: =VLOOKUP(B21,Índice!$A$2:$K$804,10,0) -> #N/A | O21: =VLOOKUP(B21,Índice!$A$2:$K$804,11,0) -> #N/A

Sheet EQUIPO ARTÍSTICO
B1: CAST //LISTA DE TRABAJADORES PARA ALTA
B2: NOMBRE DE LA EMPRESA | F2: JAKIENS VIDEO DESIGN SL B98733488 CL\SEVILLA 25
B3: PROYECTO | F3: XXX
B4: LUGAR DE REALIZACIÓN | F4: VALENCIA
B7: N.º | C7: Nombre Completo | D7: CATEGORIA (FUNCIÓN) | E7: FECHA DE ALTA | F7: FECHA DE BAJA | G7: Salario por sesión | H7: IMPORTE TOTAL BRUTO previsto (pdte cierre nómina) | I7: % Retención | J7: DNI | K7: NAF | L7: Fecha de Nacimiento | M7: Sexo | N7: Nº de teléfono | O7: DIRECCIÓN DE CORREO ELECTRÓNICO | P7: DIRECCIÓN POSTAL
